user_id,name,email
1,Paul Sharp,stephanie18@example.com
2,Amanda Mendoza,wrightashley@example.org
3,Terry Garrison,goodjeffrey@example.org
4,Diana Cummings,vestes@example.net
5,Jeffrey Wise,malonedavid@example.com
6,Steven Brooks,bakerbrianna@example.org
7,Richard Anderson,robertsmith@example.net
8,Nicole Robinson,cookjody@example.com
9,Susan Avery,ariggs@example.net
10,Brett Hobbs,dbeasley@example.org
11,Sherry Schmidt,belindabrown@example.com
12,Carol Chen,crystal19@example.com
13,Joseph Santiago,jodi58@example.net
14,Kelly Roth,gonzalezomar@example.com
15,Cody Smith,angelasanchez@example.com
16,Jessica Carroll,owentrevor@example.com
17,Ashley Gross,edwardellison@example.net
18,Anna Klein,hlewis@example.net
19,Natalie Alexander,andrew76@example.com
20,Paul Dennis,erica02@example.com
21,Sally Peters,wallacedavid@example.net
22,Matthew Rose,solson@example.net
23,Caroline Kline,nathanedwards@example.net
24,Joel Williams,nortonmarcia@example.com
25,Cynthia White,megan50@example.org
26,Kevin Lee,browningtrevor@example.com
27,Erica Knapp,shannonjohnson@example.net
28,Mr. Eric Phillips,washingtonpatricia@example.com
29,Crystal Johnson,david32@example.net
30,Melissa Allen,xreyes@example.org
31,Laura Stafford,michaellinda@example.com
32,Brian Beck,xshepherd@example.net
33,Angela Doyle,anna52@example.net
34,Michelle Rodriguez,ayersandrea@example.org
35,Edwin Chavez,hobbsjonathan@example.net
36,Joseph Bird,steve00@example.com
37,Courtney Simon MD,ericsmith@example.net
38,Eric Edwards,flawson@example.org
39,Debbie Bailey,mcdonaldrichard@example.com
40,Michelle Rodriguez,christine08@example.net
41,Dennis Jones,gthomas@example.net
42,Kelly Rose,fostererin@example.net
43,Miranda Mcfarland,reneeevans@example.net
44,Rachel Campbell,jpeters@example.org
45,Karen Thompson,kimberly97@example.com
46,Jordan Villa,christopher98@example.org
47,Katrina Parker,cynthiahorton@example.org
48,William Palmer,michealfuller@example.com
49,Kevin Hernandez,flopez@example.org
50,Holly Atkinson,davisamy@example.com
